account_id,variant,response,expected_action_after_enrichment
acc_000003,good_contacts,"{""status"": ""ok"", ""firmographics"": {""employee_count"": 51, ""industry"": ""Retail & Commerce"", ""revenue_band"": ""5-20M""}, ""contacts"": [{""first_name"": ""Gabriela"", ""last_name"": ""Ponce"", ""email"": ""gabriela.ponce@sacen.mx.example"", ""email_status"": ""valid"", ""function"": ""executive"", ""seniority"": ""vp"", ""language"": ""en"", ""title"": ""Executive VP""}], ""warnings"": []}",contact
acc_000034,good_contacts,"{""status"": ""ok"", ""firmographics"": {""employee_count"": 353, ""industry"": ""Technology & Software"", ""revenue_band"": ""5-20M""}, ""contacts"": [{""first_name"": ""Carlos"", ""last_name"": ""Almeida"", ""email"": ""carlos.almeida@macen.br.example"", ""email_status"": ""valid"", ""function"": ""finance"", ""seniority"": ""manager"", ""language"": ""en"", ""title"": ""Accounts Payable Manager""}, {""first_name"": ""João"", ""last_name"": ""Santos"", ""email"": ""joao.santos@macen.br.example"", ""email_status"": ""valid"", ""function"": ""finance"", ""seniority"": ""vp"", ""language"": ""en"", ""title"": ""VP of Finance""}, {""first_name"": ""Cláudio"", ""last_name"": ""Nascimento"", ""email"": ""claudio.nascimento@macen.br.example"", ""email_status"": ""valid"", ""function"": ""executive"", ""seniority"": ""c_level"", ""language"": ""en"", ""title"": ""Founder""}], ""warnings"": []}",contact
acc_000037,good_contacts,"{""status"": ""ok"", ""firmographics"": {""employee_count"": 235, ""industry"": ""Marketing & Media"", ""revenue_band"": ""20-100M""}, ""contacts"": [{""first_name"": ""Bruno"", ""last_name"": ""Fernandes"", ""email"": ""bruno.fernandes@galba.br.example"", ""email_status"": ""valid"", ""function"": ""finance"", ""seniority"": ""manager"", ""language"": ""en"", ""title"": ""Finance Manager""}], ""warnings"": []}",contact
acc_000059,contradictory,"{""status"": ""ok"", ""firmographics"": {""employee_count"": 6240, ""industry"": ""Healthcare"", ""revenue_band"": ""5-20M"", ""is_customer"": true}, ""contacts"": [{""first_name"": ""Pilar"", ""last_name"": ""Silva"", ""email"": ""pilar.silva@orgal.ar.example"", ""email_status"": ""valid"", ""function"": ""executive"", ""seniority"": ""director"", ""language"": ""en"", ""title"": ""Associate General Manager""}, {""first_name"": ""Francisco"", ""last_name"": ""Quintero"", ""email"": ""francisco.quintero@orgal.ar.example"", ""email_status"": ""valid"", ""function"": ""finance"", ""seniority"": ""vp"", ""language"": ""en"", ""title"": ""VP of Finance""}, {""first_name"": ""Andrea"", ""last_name"": ""Bravo"", ""email"": ""andrea.bravo@orgal.ar.example"", ""email_status"": ""valid"", ""function"": ""finance"", ""seniority"": ""director"", ""language"": ""en"", ""title"": ""Director of Treasury""}], ""warnings"": [""domain_mismatch"", ""conflicts_with_crm""]}",escalate_human
acc_000084,contradictory,"{""status"": ""ok"", ""firmographics"": {""employee_count"": 276, ""industry"": ""Construction & Real Estate"", ""revenue_band"": ""20-100M"", ""is_customer"": true}, ""contacts"": [{""first_name"": ""Tatiana"", ""last_name"": ""Souza"", ""email"": ""tatiana.souza@merfer.br.example"", ""email_status"": ""valid"", ""function"": ""procurement"", ""seniority"": ""manager"", ""language"": ""en"", ""title"": ""Procurement Manager""}, {""first_name"": ""Mateus"", ""last_name"": ""Ribeiro"", ""email"": ""mateus.ribeiro@merfer.br.example"", ""email_status"": ""valid"", ""function"": ""finance"", ""seniority"": ""manager"", ""language"": ""en"", ""title"": ""Finance Manager""}], ""warnings"": [""domain_mismatch"", ""conflicts_with_crm""]}",escalate_human
acc_000095,no_data,"{""status"": ""ok"", ""firmographics"": {}, ""contacts"": [], ""warnings"": []}",escalate_human
acc_000115,no_data,"{""status"": ""ok"", ""firmographics"": {}, ""contacts"": [], ""warnings"": []}",escalate_human
acc_000125,good_contacts,"{""status"": ""ok"", ""firmographics"": {""employee_count"": 217, ""industry"": ""Healthcare"", ""revenue_band"": ""5-20M""}, ""contacts"": [{""first_name"": ""Juliana"", ""last_name"": ""Pereira"", ""email"": ""juliana.pereira@tordohealth.br.example"", ""email_status"": ""valid"", ""function"": ""finance"", ""seniority"": ""director"", ""language"": ""en"", ""title"": ""Controller""}, {""first_name"": ""João"", ""last_name"": ""Silva"", ""email"": ""joao.silva@tordohealth.br.example"", ""email_status"": ""valid"", ""function"": ""finance"", ""seniority"": ""manager"", ""language"": ""en"", ""title"": ""Treasury Manager""}, {""first_name"": ""Bruno"", ""last_name"": ""Oliveira"", ""email"": ""bruno.oliveira@tordohealth.br.example"", ""email_status"": ""valid"", ""function"": ""finance"", ""seniority"": ""manager"", ""language"": ""en"", ""title"": ""Treasury Manager""}], ""warnings"": []}",contact
acc_000138,contradictory,"{""status"": ""ok"", ""firmographics"": {""employee_count"": 1200, ""industry"": ""Logistics & Transportation"", ""revenue_band"": ""1-5M"", ""is_customer"": true}, ""contacts"": [{""first_name"": ""Emilio"", ""last_name"": ""Silva"", ""email"": ""emilio.silva@renzutech.mx.example"", ""email_status"": ""valid"", ""function"": ""procurement"", ""seniority"": ""vp"", ""language"": ""en"", ""title"": ""VP of Procurement""}, {""first_name"": ""Gabriela"", ""last_name"": ""Castillo"", ""email"": ""gabriela.castillo@renzutech.mx.example"", ""email_status"": ""valid"", ""function"": ""finance"", ""seniority"": ""manager"", ""language"": ""en"", ""title"": ""Finance Manager""}], ""warnings"": [""domain_mismatch"", ""conflicts_with_crm""]}",escalate_human
acc_000167,good_contacts,"{""status"": ""ok"", ""firmographics"": {""employee_count"": 504, ""industry"": ""Retail & Commerce"", ""revenue_band"": ""20-100M""}, ""contacts"": [{""first_name"": ""Fernanda"", ""last_name"": ""Freitas"", ""email"": ""fernanda.freitas@rensolretail.br.example"", ""email_status"": ""valid"", ""function"": ""executive"", ""seniority"": ""c_level"", ""language"": ""en"", ""title"": ""Founder""}, {""first_name"": ""Juliana"", ""last_name"": ""Moreira"", ""email"": ""juliana.moreira@rensolretail.br.example"", ""email_status"": ""valid"", ""function"": ""procurement"", ""seniority"": ""c_level"", ""language"": ""en"", ""title"": ""Chief Procurement Officer""}, {""first_name"": ""João"", ""last_name"": ""Machado"", ""email"": ""joao.machado@rensolretail.br.example"", ""email_status"": ""valid"", ""function"": ""finance"", ""seniority"": ""c_level"", ""language"": ""en"", ""title"": ""Chief Financial Officer""}], ""warnings"": []}",contact
acc_000196,contradictory,"{""status"": ""ok"", ""firmographics"": {""employee_count"": 648, ""industry"": ""Agribusiness"", ""revenue_band"": ""<1M"", ""is_customer"": true}, ""contacts"": [{""first_name"": ""Verónica"", ""last_name"": ""Soto"", ""email"": ""veronica.soto@cito.mx.example"", ""email_status"": ""valid"", ""function"": ""finance"", ""seniority"": ""c_level"", ""language"": ""en"", ""title"": ""Chief Financial Officer""}], ""warnings"": [""domain_mismatch"", ""conflicts_with_crm""]}",escalate_human
acc_000244,contradictory,"{""status"": ""ok"", ""firmographics"": {""employee_count"": 3600, ""industry"": ""Manufacturing"", ""revenue_band"": ""1-5M"", ""is_customer"": true}, ""contacts"": [{""first_name"": ""Vanessa"", ""last_name"": ""Marques"", ""email"": ""vanessa.marques@quimomanufacturing.br.example"", ""email_status"": ""valid"", ""function"": ""executive"", ""seniority"": ""c_level"", ""language"": ""en"", ""title"": ""General Manager""}, {""first_name"": ""Isabela"", ""last_name"": ""Ferreira"", ""email"": ""isabela.ferreira@quimomanufacturing.br.example"", ""email_status"": ""valid"", ""function"": ""finance"", ""seniority"": ""director"", ""language"": ""en"", ""title"": ""Director of Treasury""}], ""warnings"": [""domain_mismatch"", ""conflicts_with_crm""]}",escalate_human
acc_000270,contradictory,"{""status"": ""ok"", ""firmographics"": {""employee_count"": 8520, ""industry"": ""Technology & Software"", ""revenue_band"": ""1-5M"", ""is_customer"": true}, ""contacts"": [{""first_name"": ""Rodrigo"", ""last_name"": ""Vieira"", ""email"": ""rodrigo.vieira@panfo.br.example"", ""email_status"": ""valid"", ""function"": ""finance"", ""seniority"": ""manager"", ""language"": ""en"", ""title"": ""Treasury Manager""}, {""first_name"": ""Daniela"", ""last_name"": ""Moreira"", ""email"": ""daniela.moreira@panfo.br.example"", ""email_status"": ""valid"", ""function"": ""executive"", ""seniority"": ""manager"", ""language"": ""en"", ""title"": ""Executive Assistant""}], ""warnings"": [""domain_mismatch"", ""conflicts_with_crm""]}",escalate_human
acc_000307,good_contacts,"{""status"": ""ok"", ""firmographics"": {""employee_count"": 299, ""industry"": ""Food & Beverage"", ""revenue_band"": ""5-20M""}, ""contacts"": [{""first_name"": ""Sebastián"", ""last_name"": ""Castro"", ""email"": ""sebastian.castro@piquibeverages.co.example"", ""email_status"": ""valid"", ""function"": ""finance"", ""seniority"": ""director"", ""language"": ""en"", ""title"": ""Controller""}], ""warnings"": []}",contact
acc_000312,no_data,"{""status"": ""ok"", ""firmographics"": {}, ""contacts"": [], ""warnings"": []}",escalate_human
acc_000316,good_contacts,"{""status"": ""ok"", ""firmographics"": {""employee_count"": 163, ""industry"": ""Healthcare"", ""revenue_band"": ""5-20M""}, ""contacts"": [{""first_name"": ""Patricia"", ""last_name"": ""Ramos"", ""email"": ""patricia.ramos@nextoclinic.mx.example"", ""email_status"": ""valid"", ""function"": ""finance"", ""seniority"": ""vp"", ""language"": ""en"", ""title"": ""VP of Finance""}, {""first_name"": ""Sofía"", ""last_name"": ""Díaz"", ""email"": ""sofia.diaz@nextoclinic.mx.example"", ""email_status"": ""valid"", ""function"": ""finance"", ""seniority"": ""director"", ""language"": ""en"", ""title"": ""Controller""}, {""first_name"": ""Esteban"", ""last_name"": ""Gómez"", ""email"": ""esteban.gomez@nextoclinic.mx.example"", ""email_status"": ""valid"", ""function"": ""finance"", ""seniority"": ""c_level"", ""language"": ""en"", ""title"": ""CFO""}], ""warnings"": []}",contact
acc_000319,no_data,"{""status"": ""ok"", ""firmographics"": {}, ""contacts"": [], ""warnings"": []}",escalate_human
acc_000328,good_contacts,"{""status"": ""ok"", ""firmographics"": {""employee_count"": 11, ""industry"": ""Healthcare"", ""revenue_band"": ""1-5M""}, ""contacts"": [{""first_name"": ""Adriana"", ""last_name"": ""Jiménez"", ""email"": ""adriana.jimenez@cumahealth.mx.example"", ""email_status"": ""valid"", ""function"": ""finance"", ""seniority"": ""vp"", ""language"": ""en"", ""title"": ""VP of Finance""}, {""first_name"": ""Paula"", ""last_name"": ""López"", ""email"": ""paula.lopez@cumahealth.mx.example"", ""email_status"": ""valid"", ""function"": ""procurement"", ""seniority"": ""c_level"", ""language"": ""en"", ""title"": ""Chief Procurement Officer""}], ""warnings"": []}",contact
acc_000334,good_contacts,"{""status"": ""ok"", ""firmographics"": {""employee_count"": 24, ""industry"": ""Logistics & Transportation"", ""revenue_band"": ""1-5M""}, ""contacts"": [{""first_name"": ""Beatriz"", ""last_name"": ""Hernández"", ""email"": ""beatriz.hernandez@nigalfreight.co.example"", ""email_status"": ""valid"", ""function"": ""procurement"", ""seniority"": ""vp"", ""language"": ""en"", ""title"": ""VP of Procurement""}, {""first_name"": ""Fernanda"", ""last_name"": ""Salazar"", ""email"": ""fernanda.salazar@nigalfreight.co.example"", ""email_status"": ""valid"", ""function"": ""finance"", ""seniority"": ""director"", ""language"": ""en"", ""title"": ""Controller""}, {""first_name"": ""Juan"", ""last_name"": ""Reyes"", ""email"": ""juan.reyes@nigalfreight.co.example"", ""email_status"": ""valid"", ""function"": ""procurement"", ""seniority"": ""vp"", ""language"": ""en"", ""title"": ""VP of Procurement""}], ""warnings"": []}",contact
acc_000351,contradictory,"{""status"": ""ok"", ""firmographics"": {""employee_count"": 1224, ""industry"": ""Technology & Software"", ""revenue_band"": ""1-5M"", ""is_customer"": true}, ""contacts"": [{""first_name"": ""Jorge"", ""last_name"": ""Domínguez"", ""email"": ""jorge.dominguez@torri.mx.example"", ""email_status"": ""valid"", ""function"": ""procurement"", ""seniority"": ""c_level"", ""language"": ""en"", ""title"": ""Chief Procurement Officer""}], ""warnings"": [""domain_mismatch"", ""conflicts_with_crm""]}",escalate_human
acc_000418,good_contacts,"{""status"": ""ok"", ""firmographics"": {""employee_count"": 138, ""industry"": ""Marketing & Media"", ""revenue_band"": ""5-20M""}, ""contacts"": [{""first_name"": ""Ana"", ""last_name"": ""Rocha"", ""email"": ""ana.rocha@cenver.br.example"", ""email_status"": ""valid"", ""function"": ""procurement"", ""seniority"": ""vp"", ""language"": ""en"", ""title"": ""VP of Procurement""}], ""warnings"": []}",contact
acc_000459,good_contacts,"{""status"": ""ok"", ""firmographics"": {""employee_count"": 201, ""industry"": ""Logistics & Transportation"", ""revenue_band"": ""5-20M""}, ""contacts"": [{""first_name"": ""Andrea"", ""last_name"": ""Vargas"", ""email"": ""andrea.vargas@centormedical.cl.example"", ""email_status"": ""valid"", ""function"": ""finance"", ""seniority"": ""director"", ""language"": ""en"", ""title"": ""Director of Treasury""}], ""warnings"": []}",contact
acc_000488,no_data,"{""status"": ""ok"", ""firmographics"": {}, ""contacts"": [], ""warnings"": []}",escalate_human
