Company name,Number of Employees,Country/Region,Lifecycle Stage
Apiux Tech,305,Chile,lead
PPU (Philippi Prietocarrizosa Ferrero DU & Uría),651,Colombia,lead
YURA S.A.,615,Perú,lead
Auren Argentina,211,Argentina,lead
La Virginia,1289,Argentina,lead
Juguetes Rasti,80,Argentina,lead
Ginafruit S.A.,26,Ecuador,lead
Golderie Trading S.A.,97,Ecuador,lead
Configolsa,83,Ecuador,lead
Regina Bananera,321,Ecuador,lead
Asia Grupo,49,Colombia,lead
FLP Colombia S.A.S.,200,Colombia,lead
Beluga Logística,120,México,lead
